Name,Industry,Type,BillingCountry,BillingState
次世代エレクトロニクス株式会社,Manufacturing,Customer - Direct,Japan,大分県
新日本マテリアル株式会社,Manufacturing,Customer - Direct,Japan,三重県
未来テクノロジー株式会社,Manufacturing,Customer - Direct,Japan,山形県
サイバー産業株式会社,Manufacturing,Customer - Direct,Japan,山口県
東洋技研合同会社,Manufacturing,Customer - Direct,Japan,宮崎県
ジャパン化成株式会社,Manufacturing,Customer - Direct,Japan,神奈川県
未来技研合同会社,Manufacturing,Customer - Direct,Japan,新潟県
東洋エレクトロニクス合同会社,Manufacturing,Customer - Direct,Japan,群馬県
サイバー化成株式会社,Manufacturing,Customer - Direct,Japan,愛知県
東洋テクノロジー株式会社,Manufacturing,Customer - Direct,Japan,埼玉県
東洋化成株式会社,Manufacturing,Customer - Direct,Japan,静岡県
グローバル産業株式会社,Manufacturing,Customer - Direct,Japan,福岡県
グローバル製作所株式会社,Manufacturing,Customer - Direct,Japan,千葉県
帝都産業株式会社,Manufacturing,Customer - Direct,Japan,山口県
未来化成株式会社,Manufacturing,Customer - Direct,Japan,香川県
ジャパン工業株式会社,Manufacturing,Customer - Direct,Japan,福岡県
サイバーエレクトロニクス合同会社,Manufacturing,Customer - Direct,Japan,栃木県
グローバルテクノロジー株式会社,Manufacturing,Customer - Direct,Japan,奈良県
ジャパンエレクトロニクス合同会社,Manufacturing,Customer - Direct,Japan,和歌山県
帝都産業株式会社,Manufacturing,Customer - Direct,Japan,宮城県
令和マテリアル株式会社,Manufacturing,Customer - Direct,Japan,石川県
サイバー産業株式会社,Manufacturing,Customer - Direct,Japan,大阪府
新日本エレクトロニクス合同会社,Manufacturing,Customer - Direct,Japan,神奈川県
新日本技研合同会社,Manufacturing,Customer - Direct,Japan,富山県
令和テクノロジー株式会社,Manufacturing,Customer - Direct,Japan,大分県
グローバルエレクトロニクス株式会社,Manufacturing,Customer - Direct,Japan,東京都
新日本マテリアル株式会社,Manufacturing,Customer - Direct,Japan,宮城県
新日本エレクトロニクス株式会社,Manufacturing,Customer - Direct,Japan,大阪府
グローバル工業株式会社,Manufacturing,Customer - Direct,Japan,奈良県
サイバーテクノロジー合同会社,Manufacturing,Customer - Direct,Japan,東京都
令和製作所株式会社,Manufacturing,Customer - Direct,Japan,福岡県
サイバー産業株式会社,Manufacturing,Customer - Direct,Japan,岐阜県
東洋産業株式会社,Manufacturing,Customer - Direct,Japan,鹿児島県
ジャパン化成合同会社,Manufacturing,Customer - Direct,Japan,徳島県
東洋化成合同会社,Manufacturing,Customer - Direct,Japan,高知県
アジアマテリアル株式会社,Manufacturing,Customer - Direct,Japan,山形県
未来技研株式会社,Manufacturing,Customer - Direct,Japan,徳島県
サイバーマテリアル株式会社,Manufacturing,Customer - Direct,Japan,静岡県
新日本製造株式会社,Manufacturing,Customer - Direct,Japan,鳥取県
ジャパンマテリアル合同会社,Manufacturing,Customer - Direct,Japan,岩手県
令和産業合同会社,Manufacturing,Customer - Direct,Japan,三重県
グローバル重工合同会社,Manufacturing,Customer - Direct,Japan,山口県
令和重工合同会社,Manufacturing,Customer - Direct,Japan,佐賀県
ジャパン重工合同会社,Manufacturing,Customer - Direct,Japan,大阪府
新日本エレクトロニクス株式会社,Manufacturing,Customer - Direct,Japan,岩手県
令和技研株式会社,Manufacturing,Customer - Direct,Japan,兵庫県
東洋工業株式会社,Manufacturing,Customer - Direct,Japan,山梨県
アジア製造株式会社,Manufacturing,Customer - Direct,Japan,石川県
東洋化成株式会社,Manufacturing,Customer - Direct,Japan,和歌山県
アジア技研合同会社,Manufacturing,Customer - Direct,Japan,愛知県