Id,Name
001Bi00000P7svBIAR,次世代エレクトロニクス株式会社
001Bi00000P7svCIAR,新日本マテリアル株式会社
001Bi00000P7svDIAR,未来テクノロジー株式会社
001Bi00000P7svEIAR,サイバー産業株式会社
001Bi00000P7svFIAR,東洋技研合同会社
001Bi00000P7svGIAR,ジャパン化成株式会社
001Bi00000P7svHIAR,未来技研合同会社
001Bi00000P7svIIAR,東洋エレクトロニクス合同会社
001Bi00000P7svJIAR,サイバー化成株式会社
001Bi00000P7svKIAR,東洋テクノロジー株式会社
001Bi00000P7svLIAR,東洋化成株式会社
001Bi00000P7svMIAR,グローバル産業株式会社
001Bi00000P7svNIAR,グローバル製作所株式会社
001Bi00000P7svOIAR,帝都産業株式会社
001Bi00000P7svPIAR,未来化成株式会社
001Bi00000P7svQIAR,ジャパン工業株式会社
001Bi00000P7svRIAR,サイバーエレクトロニクス合同会社
001Bi00000P7svSIAR,グローバルテクノロジー株式会社
001Bi00000P7svTIAR,ジャパンエレクトロニクス合同会社
001Bi00000P7svUIAR,帝都産業株式会社
001Bi00000P7svVIAR,令和マテリアル株式会社
001Bi00000P7svWIAR,サイバー産業株式会社
001Bi00000P7svXIAR,新日本エレクトロニクス合同会社
001Bi00000P7svYIAR,新日本技研合同会社
001Bi00000P7svZIAR,令和テクノロジー株式会社
001Bi00000P7svaIAB,グローバルエレクトロニクス株式会社
001Bi00000P7svbIAB,新日本マテリアル株式会社
001Bi00000P7svcIAB,新日本エレクトロニクス株式会社
001Bi00000P7svdIAB,グローバル工業株式会社
001Bi00000P7sveIAB,サイバーテクノロジー合同会社
001Bi00000P7svfIAB,令和製作所株式会社
001Bi00000P7svgIAB,サイバー産業株式会社
001Bi00000P7svhIAB,東洋産業株式会社
001Bi00000P7sviIAB,ジャパン化成合同会社
001Bi00000P7svjIAB,東洋化成合同会社
001Bi00000P7svkIAB,アジアマテリアル株式会社
001Bi00000P7svlIAB,未来技研株式会社
001Bi00000P7svmIAB,サイバーマテリアル株式会社
001Bi00000P7svnIAB,新日本製造株式会社
001Bi00000P7svoIAB,ジャパンマテリアル合同会社
001Bi00000P7svpIAB,令和産業合同会社
001Bi00000P7svqIAB,グローバル重工合同会社
001Bi00000P7svrIAB,令和重工合同会社
001Bi00000P7svsIAB,ジャパン重工合同会社
001Bi00000P7svtIAB,新日本エレクトロニクス株式会社
001Bi00000P7svuIAB,令和技研株式会社
001Bi00000P7svvIAB,東洋工業株式会社
001Bi00000P7svwIAB,アジア製造株式会社
001Bi00000P7svxIAB,東洋化成株式会社
001Bi00000P7svyIAB,アジア技研合同会社
